domain,tld,release_date,available,indexed,estimated_pages,index_source,checked_at
aktivitetssidan.se,se,2026-08-13,True,True,500,wayback,2026-08-12T08:41:44.424610+00:00
boshandel.se,se,2026-08-13,True,True,500,wayback,2026-08-12T08:41:44.424610+00:00
competens.se,se,2026-08-13,True,True,500,wayback,2026-08-12T08:41:44.424610+00:00
forsamoped-bildelar.se,se,2026-08-13,True,True,500,wayback,2026-08-12T08:41:44.424610+00:00
freegbook.nu,nu,2026-08-13,True,True,500,wayback,2026-08-12T08:41:44.424610+00:00
habanerobbq.se,se,2026-08-13,True,True,500,wayback,2026-08-12T08:41:44.424610+00:00
hallandsblomsterodling.se,se,2026-08-13,True,True,500,wayback,2026-08-12T08:41:44.424610+00:00
ingemarsfoder.se,se,2026-08-13,True,True,500,wayback,2026-08-12T08:41:44.424610+00:00
inom-matbar.se,se,2026-08-13,True,True,500,wayback,2026-08-12T08:41:44.424610+00:00
itchi.se,se,2026-08-13,True,True,500,wayback,2026-08-12T08:41:44.424610+00:00
jif.se,se,2026-08-13,True,True,500,wayback,2026-08-12T08:41:44.424610+00:00
jockibois.se,se,2026-08-13,True,True,500,wayback,2026-08-12T08:41:44.424610+00:00
littlehugs.se,se,2026-08-13,True,True,500,wayback,2026-08-12T08:41:44.424610+00:00
matematikblogg.se,se,2026-08-13,True,True,500,wayback,2026-08-12T08:41:44.424610+00:00
monowheel.se,se,2026-08-13,True,True,500,wayback,2026-08-12T08:41:44.424610+00:00
mxrockbar.se,se,2026-08-13,True,True,500,wayback,2026-08-12T08:41:44.424610+00:00
pepparochsalt.se,se,2026-08-13,True,True,500,wayback,2026-08-12T08:41:44.424610+00:00
pinheads.se,se,2026-08-13,True,True,500,wayback,2026-08-12T08:41:44.424610+00:00
plastikoperationforum.se,se,2026-08-13,True,True,500,wayback,2026-08-12T08:41:44.424610+00:00
proteinpulver.se,se,2026-08-13,True,True,500,wayback,2026-08-12T08:41:44.424610+00:00
quake3.nu,nu,2026-08-13,True,True,500,wayback,2026-08-12T08:41:44.424610+00:00
scaramouche.se,se,2026-08-13,True,True,500,wayback,2026-08-12T08:41:44.424610+00:00
spacio.se,se,2026-08-13,True,True,500,wayback,2026-08-12T08:41:44.424610+00:00
vapenfakta.nu,nu,2026-08-13,True,True,500,wayback,2026-08-12T08:41:44.424610+00:00
helenderwijs.nu,nu,2026-08-13,True,True,498,wayback,2026-08-12T08:41:44.424610+00:00
goedkopeflyers.nu,nu,2026-08-13,True,True,413,wayback,2026-08-12T08:41:44.424610+00:00
signeafast.se,se,2026-08-13,True,True,384,wayback,2026-08-12T08:41:44.424610+00:00
nosecretsuf.se,se,2026-08-13,True,True,383,wayback,2026-08-12T08:41:44.424610+00:00
monide.se,se,2026-08-13,True,True,380,wayback,2026-08-12T08:41:44.424610+00:00
printbuddy.se,se,2026-08-13,True,True,378,wayback,2026-08-12T08:41:44.424610+00:00
falkenbergkliniken.se,se,2026-08-13,True,True,324,wayback,2026-08-12T08:41:44.424610+00:00
xn--mssingdesign-gcb.se,se,2026-08-13,True,True,285,wayback,2026-08-12T08:41:44.424610+00:00
simunordic.se,se,2026-08-13,True,True,274,wayback,2026-08-12T08:41:44.424610+00:00
solex.se,se,2026-08-13,True,True,272,wayback,2026-08-12T08:41:44.424610+00:00
xn--cafresan-d1a.se,se,2026-08-13,True,True,269,wayback,2026-08-12T08:41:44.424610+00:00
xn--munsrsplster-wcbe.se,se,2026-08-13,True,True,241,wayback,2026-08-12T08:41:44.424610+00:00
olandsstenrike.se,se,2026-08-13,True,True,233,wayback,2026-08-12T08:41:44.424610+00:00
redverden.nu,nu,2026-08-13,True,True,231,wayback,2026-08-12T08:41:44.424610+00:00
wingforsostlindtradgard.se,se,2026-08-13,True,True,230,wayback,2026-08-12T08:41:44.424610+00:00
semesterhem.se,se,2026-08-13,True,True,215,wayback,2026-08-12T08:41:44.424610+00:00
ivpa.se,se,2026-08-13,True,True,213,wayback,2026-08-12T08:41:44.424610+00:00
historieuppropet.se,se,2026-08-13,True,True,211,wayback,2026-08-12T08:41:44.424610+00:00
ionteater.se,se,2026-08-13,True,True,206,wayback,2026-08-12T08:41:44.424610+00:00
brandskydd2018.se,se,2026-08-13,True,True,202,wayback,2026-08-12T08:41:44.424610+00:00
stamningvg.se,se,2026-08-13,True,True,189,wayback,2026-08-12T08:41:44.424610+00:00
primeprofessional.se,se,2026-08-13,True,True,183,wayback,2026-08-12T08:41:44.424610+00:00
anccesuecia.se,se,2026-08-13,True,True,179,wayback,2026-08-12T08:41:44.424610+00:00
myadam.se,se,2026-08-13,True,True,171,wayback,2026-08-12T08:41:44.424610+00:00
mafiq.se,se,2026-08-13,True,True,159,wayback,2026-08-12T08:41:44.424610+00:00
finnvedensbygg.se,se,2026-08-13,True,True,158,wayback,2026-08-12T08:41:44.424610+00:00
obabbygg.se,se,2026-08-13,True,True,150,wayback,2026-08-12T08:41:44.424610+00:00
brandskydd2016.se,se,2026-08-13,True,True,135,wayback,2026-08-12T08:41:44.424610+00:00
mariannesgrill.se,se,2026-08-13,True,True,124,wayback,2026-08-12T08:41:44.424610+00:00
daemonicus.nu,nu,2026-08-13,True,True,123,wayback,2026-08-12T08:41:44.424610+00:00
nrdev.se,se,2026-08-13,True,True,115,wayback,2026-08-12T08:41:44.424610+00:00
brandskydd2012.se,se,2026-08-13,True,True,110,wayback,2026-08-12T08:41:44.424610+00:00
jockeliljabygg.se,se,2026-08-13,True,True,101,wayback,2026-08-12T08:41:44.424610+00:00
accurata.se,se,2026-08-13,True,True,100,wayback,2026-08-12T08:41:44.424610+00:00
boplatsvadstena.se,se,2026-08-13,True,True,98,wayback,2026-08-12T08:41:44.424610+00:00
handsup.se,se,2026-08-13,True,True,98,wayback,2026-08-12T08:41:44.424610+00:00
bragard.se,se,2026-08-13,True,True,93,wayback,2026-08-12T08:41:44.424610+00:00
xn--knslobanken-l8a.se,se,2026-08-13,True,True,91,wayback,2026-08-12T08:41:44.424610+00:00
foreningsvaskan.se,se,2026-08-13,True,True,88,wayback,2026-08-12T08:41:44.424610+00:00
aboutblank.se,se,2026-08-13,True,True,85,wayback,2026-08-12T08:41:44.424610+00:00
bof-tejping.se,se,2026-08-13,True,True,82,wayback,2026-08-12T08:41:44.424610+00:00
foodhillsfastigheter.se,se,2026-08-13,True,True,76,wayback,2026-08-12T08:41:44.424610+00:00
wellbeingtherapycenter.se,se,2026-08-13,True,True,74,wayback,2026-08-12T08:41:44.424610+00:00
rk-catering.se,se,2026-08-13,True,True,73,wayback,2026-08-12T08:41:44.424610+00:00
fga78.se,se,2026-08-13,True,True,67,wayback,2026-08-12T08:41:44.424610+00:00
kolosok.se,se,2026-08-13,True,True,65,wayback,2026-08-12T08:41:44.424610+00:00
blancko.nu,nu,2026-08-13,True,True,56,wayback,2026-08-12T08:41:44.424610+00:00
pocollin.se,se,2026-08-13,True,True,55,wayback,2026-08-12T08:41:44.424610+00:00
360digit.se,se,2026-08-13,True,True,54,wayback,2026-08-12T08:41:44.424610+00:00
smartakonferenser.se,se,2026-08-13,True,True,54,wayback,2026-08-12T08:41:44.424610+00:00
xn--dokumentrer-s8a.se,se,2026-08-13,True,True,54,wayback,2026-08-12T08:41:44.424610+00:00
hallandsbyggnadsminnen.se,se,2026-08-13,True,True,53,wayback,2026-08-12T08:41:44.424610+00:00
penger.nu,nu,2026-08-13,True,True,50,wayback,2026-08-12T08:41:44.424610+00:00
gratistilbud.nu,nu,2026-08-13,True,True,48,wayback,2026-08-12T08:41:44.424610+00:00
lomoquickwash.se,se,2026-08-13,True,True,45,wayback,2026-08-12T08:41:44.424610+00:00
lumai.se,se,2026-08-13,True,True,43,wayback,2026-08-12T08:41:44.424610+00:00
creocure.se,se,2026-08-13,True,True,39,wayback,2026-08-12T08:41:44.424610+00:00
jagego.se,se,2026-08-13,True,True,37,wayback,2026-08-12T08:41:44.424610+00:00
seffleinstrument.se,se,2026-08-13,True,True,35,wayback,2026-08-12T08:41:44.424610+00:00
jamforsnabblan.se,se,2026-08-13,True,True,34,wayback,2026-08-12T08:41:44.424610+00:00
kuligabilar.se,se,2026-08-13,True,True,34,wayback,2026-08-12T08:41:44.424610+00:00
mariannette.se,se,2026-08-13,True,True,34,wayback,2026-08-12T08:41:44.424610+00:00
madebymolly.se,se,2026-08-13,True,True,31,wayback,2026-08-12T08:41:44.424610+00:00
queensent.se,se,2026-08-13,True,True,31,wayback,2026-08-12T08:41:44.424610+00:00
rabattbladet.se,se,2026-08-13,True,True,31,wayback,2026-08-12T08:41:44.424610+00:00
bloggkatalog.se,se,2026-08-13,True,True,30,wayback,2026-08-12T08:41:44.424610+00:00
delgivningslagen.nu,nu,2026-08-13,True,True,30,wayback,2026-08-12T08:41:44.424610+00:00
playingcards.nu,nu,2026-08-13,True,True,29,wayback,2026-08-12T08:41:44.424610+00:00
hitnspincasino.se,se,2026-08-13,True,True,27,wayback,2026-08-12T08:41:44.424610+00:00
providify.se,se,2026-08-13,True,True,27,wayback,2026-08-12T08:41:44.424610+00:00
heartworn.se,se,2026-08-13,True,True,26,wayback,2026-08-12T08:41:44.424610+00:00
happiness.nu,nu,2026-08-13,True,True,24,wayback,2026-08-12T08:41:44.424610+00:00
stalklist.nu,nu,2026-08-13,True,True,24,wayback,2026-08-12T08:41:44.424610+00:00
fundit.nu,nu,2026-08-13,True,True,23,wayback,2026-08-12T08:41:44.424610+00:00
xn--pplatraktorboken-unb.nu,nu,2026-08-13,True,True,23,wayback,2026-08-12T08:41:44.424610+00:00
wristworldco.se,se,2026-08-13,True,True,22,wayback,2026-08-12T08:41:44.424610+00:00
solcellsentreprenoren.se,se,2026-08-13,True,True,21,wayback,2026-08-12T08:41:44.424610+00:00
bloggfokus.se,se,2026-08-13,True,True,20,wayback,2026-08-12T08:41:44.424610+00:00
delgivningsbolaget.nu,nu,2026-08-13,True,True,20,wayback,2026-08-12T08:41:44.424610+00:00
limanora.se,se,2026-08-13,True,True,19,wayback,2026-08-12T08:41:44.424610+00:00
metalfabriken.se,se,2026-08-13,True,True,19,wayback,2026-08-12T08:41:44.424610+00:00
ai4.se,se,2026-08-13,True,True,18,wayback,2026-08-12T08:41:44.424610+00:00
blekingepoolen.se,se,2026-08-13,True,True,18,wayback,2026-08-12T08:41:44.424610+00:00
hemfastighetallservice.se,se,2026-08-13,True,True,18,wayback,2026-08-12T08:41:44.424610+00:00
j-fastigheter.se,se,2026-08-13,True,True,18,wayback,2026-08-12T08:41:44.424610+00:00
kinisi.se,se,2026-08-13,True,True,18,wayback,2026-08-12T08:41:44.424610+00:00
pix-pax.se,se,2026-08-13,True,True,18,wayback,2026-08-12T08:41:44.424610+00:00
wicsys.se,se,2026-08-13,True,True,18,wayback,2026-08-12T08:41:44.424610+00:00
hogdalenbumm.se,se,2026-08-13,True,True,17,wayback,2026-08-12T08:41:44.424610+00:00
slagett.nu,nu,2026-08-13,True,True,17,wayback,2026-08-12T08:41:44.424610+00:00
svettfri.se,se,2026-08-13,True,True,17,wayback,2026-08-12T08:41:44.424610+00:00
andows.se,se,2026-08-13,True,True,16,wayback,2026-08-12T08:41:44.424610+00:00
d13.se,se,2026-08-13,True,True,14,wayback,2026-08-12T08:41:44.424610+00:00
stenlaggningsyd.se,se,2026-08-13,True,True,14,wayback,2026-08-12T08:41:44.424610+00:00
bloggsafari.se,se,2026-08-13,True,True,13,wayback,2026-08-12T08:41:44.424610+00:00
sadelstolar.se,se,2026-08-13,True,True,13,wayback,2026-08-12T08:41:44.424610+00:00
a-x.se,se,2026-08-13,True,True,12,wayback,2026-08-12T08:41:44.424610+00:00
helbyggovvs.se,se,2026-08-13,True,True,12,wayback,2026-08-12T08:41:44.424610+00:00
omskola.se,se,2026-08-13,True,True,12,wayback,2026-08-12T08:41:44.424610+00:00
swebloggen.se,se,2026-08-13,True,True,12,wayback,2026-08-12T08:41:44.424610+00:00
jaktband.se,se,2026-08-13,True,True,11,wayback,2026-08-12T08:41:44.424610+00:00
padelzone.nu,nu,2026-08-13,True,True,11,wayback,2026-08-12T08:41:44.424610+00:00
spicon.se,se,2026-08-13,True,True,11,wayback,2026-08-12T08:41:44.424610+00:00
gorton.se,se,2026-08-13,True,True,9,wayback,2026-08-12T08:41:44.424610+00:00
nordisk-vattenbilning.se,se,2026-08-13,True,True,9,wayback,2026-08-12T08:41:44.424610+00:00
xn--kpslj-iraf8k.se,se,2026-08-13,True,True,9,wayback,2026-08-12T08:41:44.424610+00:00
fokusblogg.se,se,2026-08-13,True,True,8,wayback,2026-08-12T08:41:44.424610+00:00
primecustom.se,se,2026-08-13,True,True,8,wayback,2026-08-12T08:41:44.424610+00:00
rustikarum.se,se,2026-08-13,True,True,8,wayback,2026-08-12T08:41:44.424610+00:00
sakral.se,se,2026-08-13,True,True,8,wayback,2026-08-12T08:41:44.424610+00:00
motorhusetslite.se,se,2026-08-13,True,True,7,wayback,2026-08-12T08:41:44.424610+00:00
wiborgs.se,se,2026-08-13,True,True,7,wayback,2026-08-12T08:41:44.424610+00:00
xn--dkvhlsa-8wa.se,se,2026-08-13,True,True,7,wayback,2026-08-12T08:41:44.424610+00:00
myntbolaget.se,se,2026-08-13,True,True,6,wayback,2026-08-12T08:41:44.424610+00:00
nordiskaattefall.se,se,2026-08-13,True,True,6,wayback,2026-08-12T08:41:44.424610+00:00
bingsu.se,se,2026-08-13,True,True,5,wayback,2026-08-12T08:41:44.424610+00:00
bosch-franluft.se,se,2026-08-13,True,True,5,wayback,2026-08-12T08:41:44.424610+00:00
brandskydd2020.se,se,2026-08-13,True,True,5,wayback,2026-08-12T08:41:44.424610+00:00
cityofglenn.se,se,2026-08-13,True,True,5,wayback,2026-08-12T08:41:44.424610+00:00
culturalstrategies.se,se,2026-08-13,True,True,5,wayback,2026-08-12T08:41:44.424610+00:00
foliehattarna.se,se,2026-08-13,True,True,5,wayback,2026-08-12T08:41:44.424610+00:00
ingridfromsweden.se,se,2026-08-13,True,True,5,wayback,2026-08-12T08:41:44.424610+00:00
kristofferappelvik.se,se,2026-08-13,True,True,5,wayback,2026-08-12T08:41:44.424610+00:00
rcaluminium.se,se,2026-08-13,True,True,5,wayback,2026-08-12T08:41:44.424610+00:00
renkbenb.nu,nu,2026-08-13,True,True,5,wayback,2026-08-12T08:41:44.424610+00:00
rikardsen.se,se,2026-08-13,True,True,5,wayback,2026-08-12T08:41:44.424610+00:00
veconasolutions.nu,nu,2026-08-13,True,True,5,wayback,2026-08-12T08:41:44.424610+00:00
conceptkontor.se,se,2026-08-13,True,True,4,wayback,2026-08-12T08:41:44.424610+00:00
derudaf.nu,nu,2026-08-13,True,True,4,wayback,2026-08-12T08:41:44.424610+00:00
feelingdigital.se,se,2026-08-13,True,True,4,wayback,2026-08-12T08:41:44.424610+00:00
frose.nu,nu,2026-08-13,True,True,4,wayback,2026-08-12T08:41:44.424610+00:00
kingcc.se,se,2026-08-13,True,True,4,wayback,2026-08-12T08:41:44.424610+00:00
mammamassan.se,se,2026-08-13,True,True,4,wayback,2026-08-12T08:41:44.424610+00:00
mixtron.se,se,2026-08-13,True,True,4,wayback,2026-08-12T08:41:44.424610+00:00
printbuddy.nu,nu,2026-08-13,True,True,4,wayback,2026-08-12T08:41:44.424610+00:00
sparkling-stones.se,se,2026-08-13,True,True,4,wayback,2026-08-12T08:41:44.424610+00:00
wintogo.nu,nu,2026-08-13,True,True,4,wayback,2026-08-12T08:41:44.424610+00:00
xn--milj-avloppet-lmb.se,se,2026-08-13,True,True,4,wayback,2026-08-12T08:41:44.424610+00:00
amobility.se,se,2026-08-13,True,True,3,wayback,2026-08-12T08:41:44.424610+00:00
businessmedium.nu,nu,2026-08-13,True,True,3,wayback,2026-08-12T08:41:44.424610+00:00
cpen.se,se,2026-08-13,True,True,3,wayback,2026-08-12T08:41:44.424610+00:00
cvpro.se,se,2026-08-13,True,True,3,wayback,2026-08-12T08:41:44.424610+00:00
falkenbergskliniken.se,se,2026-08-13,True,True,3,wayback,2026-08-12T08:41:44.424610+00:00
fcderebellen.nu,nu,2026-08-13,True,True,3,wayback,2026-08-12T08:41:44.424610+00:00
gptema.se,se,2026-08-13,True,True,3,wayback,2026-08-12T08:41:44.424610+00:00
knubbyoga.se,se,2026-08-13,True,True,3,wayback,2026-08-12T08:41:44.424610+00:00
kommunindex.se,se,2026-08-13,True,True,3,wayback,2026-08-12T08:41:44.424610+00:00
konsultdigital.se,se,2026-08-13,True,True,3,wayback,2026-08-12T08:41:44.424610+00:00
microcementibadrum.se,se,2026-08-13,True,True,3,wayback,2026-08-12T08:41:44.424610+00:00
mundoman.se,se,2026-08-13,True,True,3,wayback,2026-08-12T08:41:44.424610+00:00
nicheparfym.se,se,2026-08-13,True,True,3,wayback,2026-08-12T08:41:44.424610+00:00
nicoyalabs.se,se,2026-08-13,True,True,3,wayback,2026-08-12T08:41:44.424610+00:00
parapella.se,se,2026-08-13,True,True,3,wayback,2026-08-12T08:41:44.424610+00:00
porrtuben.se,se,2026-08-13,True,True,3,wayback,2026-08-12T08:41:44.424610+00:00
rackhosting.se,se,2026-08-13,True,True,3,wayback,2026-08-12T08:41:44.424610+00:00
relationsterapeuterna.se,se,2026-08-13,True,True,3,wayback,2026-08-12T08:41:44.424610+00:00
robertholm.se,se,2026-08-13,True,True,3,wayback,2026-08-12T08:41:44.424610+00:00
safepaconline.se,se,2026-08-13,True,True,3,wayback,2026-08-12T08:41:44.424610+00:00
sensoranalytics.se,se,2026-08-13,True,True,3,wayback,2026-08-12T08:41:44.424610+00:00
silvermountain.se,se,2026-08-13,True,True,3,wayback,2026-08-12T08:41:44.424610+00:00
slagett.se,se,2026-08-13,True,True,3,wayback,2026-08-12T08:41:44.424610+00:00
sthlmcomedyfestival.se,se,2026-08-13,True,True,3,wayback,2026-08-12T08:41:44.424610+00:00
tillgangliga.se,se,2026-08-13,True,True,3,wayback,2026-08-12T08:41:44.424610+00:00
userexperience.se,se,2026-08-13,True,True,3,wayback,2026-08-12T08:41:44.424610+00:00
waterfilter.se,se,2026-08-13,True,True,3,wayback,2026-08-12T08:41:44.424610+00:00
whataride.se,se,2026-08-13,True,True,3,wayback,2026-08-12T08:41:44.424610+00:00
xn--kakelhrnan-jcb.se,se,2026-08-13,True,True,3,wayback,2026-08-12T08:41:44.424610+00:00
xn--lgenheterdegerfors-ltb.se,se,2026-08-13,True,True,3,wayback,2026-08-12T08:41:44.424610+00:00
xn--lgenheteridegerfors-gwb.se,se,2026-08-13,True,True,3,wayback,2026-08-12T08:41:44.424610+00:00
xn--miljavloppet-7ib.se,se,2026-08-13,True,True,3,wayback,2026-08-12T08:41:44.424610+00:00
xn--taktvttbilen-kcb.nu,nu,2026-08-13,True,True,3,wayback,2026-08-12T08:41:44.424610+00:00
ahlsellab.se,se,2026-08-13,True,True,2,wayback,2026-08-12T08:41:44.424610+00:00
dagishund.se,se,2026-08-13,True,True,2,wayback,2026-08-12T08:41:44.424610+00:00
formservice.se,se,2026-08-13,True,True,2,wayback,2026-08-12T08:41:44.424610+00:00
grymtentreprenad.se,se,2026-08-13,True,True,2,wayback,2026-08-12T08:41:44.424610+00:00
hoohalm.se,se,2026-08-13,True,True,2,wayback,2026-08-12T08:41:44.424610+00:00
seaweedfoods.se,se,2026-08-13,True,True,2,wayback,2026-08-12T08:41:44.424610+00:00
tryggrenovering.se,se,2026-08-13,True,True,2,wayback,2026-08-12T08:41:44.424610+00:00
4ksmartiptv.se,se,2026-08-13,True,True,1,wayback,2026-08-12T08:41:44.424610+00:00
a-z0-9.se,se,2026-08-13,True,True,1,wayback,2026-08-12T08:41:44.424610+00:00
alsultangrill.se,se,2026-08-13,True,True,1,wayback,2026-08-12T08:41:44.424610+00:00
bonitabybella.se,se,2026-08-13,True,True,1,wayback,2026-08-12T08:41:44.424610+00:00
containerjarfalla.se,se,2026-08-13,True,True,1,wayback,2026-08-12T08:41:44.424610+00:00
containersollentuna.se,se,2026-08-13,True,True,1,wayback,2026-08-12T08:41:44.424610+00:00
containersolna.se,se,2026-08-13,True,True,1,wayback,2026-08-12T08:41:44.424610+00:00
creationbyelina.se,se,2026-08-13,True,True,1,wayback,2026-08-12T08:41:44.424610+00:00
crosstrainer-guiden.se,se,2026-08-13,True,True,1,wayback,2026-08-12T08:41:44.424610+00:00
flexmontage.nu,nu,2026-08-13,True,True,1,wayback,2026-08-12T08:41:44.424610+00:00
formforfler.se,se,2026-08-13,True,True,1,wayback,2026-08-12T08:41:44.424610+00:00
hangeldjur.se,se,2026-08-13,True,True,1,wayback,2026-08-12T08:41:44.424610+00:00
harlyx.se,se,2026-08-13,True,True,1,wayback,2026-08-12T08:41:44.424610+00:00
jannislukaras.se,se,2026-08-13,True,True,1,wayback,2026-08-12T08:41:44.424610+00:00
jannislukarasfishing.se,se,2026-08-13,True,True,1,wayback,2026-08-12T08:41:44.424610+00:00
kennellongedfor.se,se,2026-08-13,True,True,1,wayback,2026-08-12T08:41:44.424610+00:00
klickaprodukten.se,se,2026-08-13,True,True,1,wayback,2026-08-12T08:41:44.424610+00:00
majamartin.se,se,2026-08-13,True,True,1,wayback,2026-08-12T08:41:44.424610+00:00
mercedeshusbilar.se,se,2026-08-13,True,True,1,wayback,2026-08-12T08:41:44.424610+00:00
moontech.se,se,2026-08-13,True,True,1,wayback,2026-08-12T08:41:44.424610+00:00
nkej.se,se,2026-08-13,True,True,1,wayback,2026-08-12T08:41:44.424610+00:00
ozempicsweden.se,se,2026-08-13,True,True,1,wayback,2026-08-12T08:41:44.424610+00:00
parfymdupes.se,se,2026-08-13,True,True,1,wayback,2026-08-12T08:41:44.424610+00:00
rankrocket.se,se,2026-08-13,True,True,1,wayback,2026-08-12T08:41:44.424610+00:00
renbesked.nu,nu,2026-08-13,True,True,1,wayback,2026-08-12T08:41:44.424610+00:00
sale-e-pepe.se,se,2026-08-13,True,True,1,wayback,2026-08-12T08:41:44.424610+00:00
sarashundkennel.se,se,2026-08-13,True,True,1,wayback,2026-08-12T08:41:44.424610+00:00
seodoktor.se,se,2026-08-13,True,True,1,wayback,2026-08-12T08:41:44.424610+00:00
solarlysa.se,se,2026-08-13,True,True,1,wayback,2026-08-12T08:41:44.424610+00:00
sopcontainer-stockholm.se,se,2026-08-13,True,True,1,wayback,2026-08-12T08:41:44.424610+00:00
sundtorp4.se,se,2026-08-13,True,True,1,wayback,2026-08-12T08:41:44.424610+00:00
supportofsweden.se,se,2026-08-13,True,True,1,wayback,2026-08-12T08:41:44.424610+00:00
supremeleader.se,se,2026-08-13,True,True,1,wayback,2026-08-12T08:41:44.424610+00:00
svensbabyshop.se,se,2026-08-13,True,True,1,wayback,2026-08-12T08:41:44.424610+00:00
sykes.se,se,2026-08-13,True,True,1,wayback,2026-08-12T08:41:44.424610+00:00
takskottning-stockholm.nu,nu,2026-08-13,True,True,1,wayback,2026-08-12T08:41:44.424610+00:00
thedarkprojects.se,se,2026-08-13,True,True,1,wayback,2026-08-12T08:41:44.424610+00:00
topai.se,se,2026-08-13,True,True,1,wayback,2026-08-12T08:41:44.424610+00:00
touristuppsala.se,se,2026-08-13,True,True,1,wayback,2026-08-12T08:41:44.424610+00:00
trimmera.se,se,2026-08-13,True,True,1,wayback,2026-08-12T08:41:44.424610+00:00
turistuppsala.se,se,2026-08-13,True,True,1,wayback,2026-08-12T08:41:44.424610+00:00
twocontrasts.se,se,2026-08-13,True,True,1,wayback,2026-08-12T08:41:44.424610+00:00
webbnisse.se,se,2026-08-13,True,True,1,wayback,2026-08-12T08:41:44.424610+00:00
weblabdesign.se,se,2026-08-13,True,True,1,wayback,2026-08-12T08:41:44.424610+00:00
xn--bsta-gasbrnnaren-vnbj.se,se,2026-08-13,True,True,1,wayback,2026-08-12T08:41:44.424610+00:00
xn--bsta-tensapparaten-ltb.se,se,2026-08-13,True,True,1,wayback,2026-08-12T08:41:44.424610+00:00
xn--bsta-trningsvskan-qqbgg.se,se,2026-08-13,True,True,1,wayback,2026-08-12T08:41:44.424610+00:00
xn--bttre-livsstil-med-ulrika-lec.se,se,2026-08-13,True,True,1,wayback,2026-08-12T08:41:44.424610+00:00
xn--dinhndvrker-08aq.nu,nu,2026-08-13,True,True,1,wayback,2026-08-12T08:41:44.424610+00:00
xn--kpa-arbetsbyxor-8sb.se,se,2026-08-13,True,True,1,wayback,2026-08-12T08:41:44.424610+00:00
xn--kpa-arbetsshorts-mwb.se,se,2026-08-13,True,True,1,wayback,2026-08-12T08:41:44.424610+00:00
xn--kpa-bomberjacka-8sb.se,se,2026-08-13,True,True,1,wayback,2026-08-12T08:41:44.424610+00:00
xn--krgarprodukter-wpb.se,se,2026-08-13,True,True,1,wayback,2026-08-12T08:41:44.424610+00:00
xn--ngtvttsguiden-efbk.se,se,2026-08-13,True,True,1,wayback,2026-08-12T08:41:44.424610+00:00
123bygg.nu,nu,2026-08-13,True,,,wayback,2026-08-12T08:41:44.424610+00:00
4en.se,se,2026-08-13,True,False,0,wayback,2026-08-12T08:41:44.424610+00:00
996t.se,se,2026-08-13,True,False,0,wayback,2026-08-12T08:41:44.424610+00:00
absmide.se,se,2026-08-13,True,False,0,wayback,2026-08-12T08:41:44.424610+00:00
agiproffsen.se,se,2026-08-13,True,False,0,wayback,2026-08-12T08:41:44.424610+00:00
alinchemaleriochbyggcom.se,se,2026-08-13,True,False,0,wayback,2026-08-12T08:41:44.424610+00:00
alvonis.se,se,2026-08-13,True,False,0,wayback,2026-08-12T08:41:44.424610+00:00
amentre.se,se,2026-08-13,True,False,0,wayback,2026-08-12T08:41:44.424610+00:00
andragradsekvation.se,se,2026-08-13,True,,,wayback,2026-08-12T08:41:44.424610+00:00
anpviz.se,se,2026-08-13,True,,,wayback,2026-08-12T08:41:44.424610+00:00
antonahl.se,se,2026-08-13,True,,,wayback,2026-08-12T08:41:44.424610+00:00
aretsgrundare.se,se,2026-08-13,True,,,wayback,2026-08-12T08:41:44.424610+00:00
arstamusikskola.se,se,2026-08-13,True,,,wayback,2026-08-12T08:41:44.424610+00:00
ataxi.se,se,2026-08-13,True,,,wayback,2026-08-12T08:41:44.424610+00:00
autereo.se,se,2026-08-13,True,,,wayback,2026-08-12T08:41:44.424610+00:00
autoexus.se,se,2026-08-13,True,,,wayback,2026-08-12T08:41:44.424610+00:00
avestagamlabryggeri.se,se,2026-08-13,True,,,wayback,2026-08-12T08:41:44.424610+00:00
avinasgxp.se,se,2026-08-13,True,,,wayback,2026-08-12T08:41:44.424610+00:00
avisuri.se,se,2026-08-13,True,,,wayback,2026-08-12T08:41:44.424610+00:00
axonpath.se,se,2026-08-13,True,,,wayback,2026-08-12T08:41:44.424610+00:00
ayurvedavemdalen.se,se,2026-08-13,True,,,wayback,2026-08-12T08:41:44.424610+00:00
badbil.nu,nu,2026-08-13,True,,,wayback,2026-08-12T08:41:44.424610+00:00
badbil.se,se,2026-08-13,True,,,wayback,2026-08-12T08:41:44.424610+00:00
barespresso.se,se,2026-08-13,True,,,wayback,2026-08-12T08:41:44.424610+00:00
bastride.se,se,2026-08-13,True,,,wayback,2026-08-12T08:41:44.424610+00:00
batteritest.nu,nu,2026-08-13,True,,,wayback,2026-08-12T08:41:44.424610+00:00
beautyshape.se,se,2026-08-13,True,,,wayback,2026-08-12T08:41:44.424610+00:00
belletrim.se,se,2026-08-13,True,,,wayback,2026-08-12T08:41:44.424610+00:00
bergstedtmontage.se,se,2026-08-13,True,,,wayback,2026-08-12T08:41:44.424610+00:00
betongskiva.se,se,2026-08-13,True,,,wayback,2026-08-12T08:41:44.424610+00:00
betterbebeans.se,se,2026-08-13,True,,,wayback,2026-08-12T08:41:44.424610+00:00
bigsale.nu,nu,2026-08-13,True,,,wayback,2026-08-12T08:41:44.424610+00:00
bikoluxia.se,se,2026-08-13,True,False,0,wayback,2026-08-12T08:41:44.424610+00:00
bilochverkstadsforetagisverige.se,se,2026-08-13,True,False,0,wayback,2026-08-12T08:41:44.424610+00:00
blippcharge.se,se,2026-08-13,True,False,0,wayback,2026-08-12T08:41:44.424610+00:00
boimariestad.se,se,2026-08-13,True,False,0,wayback,2026-08-12T08:41:44.424610+00:00
bokfarmen.se,se,2026-08-13,True,False,0,wayback,2026-08-12T08:41:44.424610+00:00
brandskydd2022.se,se,2026-08-13,True,,,wayback,2026-08-12T08:41:44.424610+00:00
brfullvide.se,se,2026-08-13,True,,,wayback,2026-08-12T08:41:44.424610+00:00
brilliantbad.se,se,2026-08-13,True,,,wayback,2026-08-12T08:41:44.424610+00:00
browsandblushbeauty.se,se,2026-08-13,True,,,wayback,2026-08-12T08:41:44.424610+00:00
bryggarnshus.se,se,2026-08-13,True,,,wayback,2026-08-12T08:41:44.424610+00:00
bsec.se,se,2026-08-13,True,,,wayback,2026-08-12T08:41:44.424610+00:00
buildinghistory.se,se,2026-08-13,True,,,wayback,2026-08-12T08:41:44.424610+00:00
bullinvestment.se,se,2026-08-13,True,,,wayback,2026-08-12T08:41:44.424610+00:00
busboden.se,se,2026-08-13,True,,,wayback,2026-08-12T08:41:44.424610+00:00
byggitaltse.se,se,2026-08-13,True,,,wayback,2026-08-12T08:41:44.424610+00:00
byreve.se,se,2026-08-13,True,,,wayback,2026-08-12T08:41:44.424610+00:00
bzzbuddy.se,se,2026-08-13,True,,,wayback,2026-08-12T08:41:44.424610+00:00
cambi.se,se,2026-08-13,True,,,wayback,2026-08-12T08:41:44.424610+00:00
canaca.se,se,2026-08-13,True,,,wayback,2026-08-12T08:41:44.424610+00:00
canastasilva.se,se,2026-08-13,True,,,wayback,2026-08-12T08:41:44.424610+00:00
carlacity.se,se,2026-08-13,True,,,wayback,2026-08-12T08:41:44.424610+00:00
cashdays.se,se,2026-08-13,True,,,wayback,2026-08-12T08:41:44.424610+00:00
ceremonimastaren.se,se,2026-08-13,True,,,wayback,2026-08-12T08:41:44.424610+00:00
chip-goods.se,se,2026-08-13,True,,,wayback,2026-08-12T08:41:44.424610+00:00
citatposters.se,se,2026-08-13,True,,,wayback,2026-08-12T08:41:44.424610+00:00
citatprint.se,se,2026-08-13,True,,,wayback,2026-08-12T08:41:44.424610+00:00
citatprints.se,se,2026-08-13,True,,,wayback,2026-08-12T08:41:44.424610+00:00
citattavla.se,se,2026-08-13,True,,,wayback,2026-08-12T08:41:44.424610+00:00
citattavlor.se,se,2026-08-13,True,,,wayback,2026-08-12T08:41:44.424610+00:00
clubbonksy.se,se,2026-08-13,True,False,0,wayback,2026-08-12T08:41:44.424610+00:00
comkritv.se,se,2026-08-13,True,False,0,wayback,2026-08-12T08:41:44.424610+00:00
cowwowwow.se,se,2026-08-13,True,False,0,wayback,2026-08-12T08:41:44.424610+00:00
cpugeekz.se,se,2026-08-13,True,False,0,wayback,2026-08-12T08:41:44.424610+00:00
dagisfordingund.se,se,2026-08-13,True,False,0,wayback,2026-08-12T08:41:44.424610+00:00
dallnatura.se,se,2026-08-13,True,False,0,wayback,2026-08-12T08:41:44.424610+00:00
dcsync.se,se,2026-08-13,True,,,wayback,2026-08-12T08:41:44.424610+00:00
dennisgrunwald.se,se,2026-08-13,True,,,wayback,2026-08-12T08:41:44.424610+00:00
dezterentr.se,se,2026-08-13,True,,,wayback,2026-08-12T08:41:44.424610+00:00
digipapp.se,se,2026-08-13,True,,,wayback,2026-08-12T08:41:44.424610+00:00
digiwiki.se,se,2026-08-13,True,,,wayback,2026-08-12T08:41:44.424610+00:00
dinfotklinik.se,se,2026-08-13,True,,,wayback,2026-08-12T08:41:44.424610+00:00
dittattefallshus.se,se,2026-08-13,True,,,wayback,2026-08-12T08:41:44.424610+00:00
djurochlantbrukisverige.se,se,2026-08-13,True,,,wayback,2026-08-12T08:41:44.424610+00:00
dogdentix.se,se,2026-08-13,True,,,wayback,2026-08-12T08:41:44.424610+00:00
dogzone.se,se,2026-08-13,True,,,wayback,2026-08-12T08:41:44.424610+00:00
dreamsupport.se,se,2026-08-13,True,,,wayback,2026-08-12T08:41:44.424610+00:00
dressed.se,se,2026-08-13,True,,,wayback,2026-08-12T08:41:44.424610+00:00
dserv.nu,nu,2026-08-13,True,False,0,wayback,2026-08-12T08:41:44.424610+00:00
eclate.se,se,2026-08-13,True,,,wayback,2026-08-12T08:41:44.424610+00:00
elbilforsakring.se,se,2026-08-13,True,,,wayback,2026-08-12T08:41:44.424610+00:00
elyxia.se,se,2026-08-13,True,,,wayback,2026-08-12T08:41:44.424610+00:00
emrmineraler.se,se,2026-08-13,True,,,wayback,2026-08-12T08:41:44.424610+00:00
enkeltmedbarn.se,se,2026-08-13,True,,,wayback,2026-08-12T08:41:44.424610+00:00
entreprenorskraft.se,se,2026-08-13,True,,,wayback,2026-08-12T08:41:44.424610+00:00
eportal.se,se,2026-08-13,True,,,wayback,2026-08-12T08:41:44.424610+00:00
erwinase.se,se,2026-08-13,True,,,wayback,2026-08-12T08:41:44.424610+00:00
eurolab.se,se,2026-08-13,True,,,wayback,2026-08-12T08:41:44.424610+00:00
eurotrollmultimedia.se,se,2026-08-13,True,,,wayback,2026-08-12T08:41:44.424610+00:00
eventistan.se,se,2026-08-13,True,,,wayback,2026-08-12T08:41:44.424610+00:00
eventparkeringwenngarn.se,se,2026-08-13,True,,,wayback,2026-08-12T08:41:44.424610+00:00
exosom.se,se,2026-08-13,True,,,wayback,2026-08-12T08:41:44.424610+00:00
exosomer.se,se,2026-08-13,True,False,0,wayback,2026-08-12T08:41:44.424610+00:00
famdover.se,se,2026-08-13,True,False,0,wayback,2026-08-12T08:41:44.424610+00:00
fannynord.se,se,2026-08-13,True,False,0,wayback,2026-08-12T08:41:44.424610+00:00
faqspel.nu,nu,2026-08-13,True,False,0,wayback,2026-08-12T08:41:44.424610+00:00
faqspel.se,se,2026-08-13,True,,,wayback,2026-08-12T08:41:44.424610+00:00
fastighetochserviceisverige.se,se,2026-08-13,True,False,0,wayback,2026-08-12T08:41:44.424610+00:00
filadelfiatyreso.nu,nu,2026-08-13,True,False,0,wayback,2026-08-12T08:41:44.424610+00:00
fixabiffen.se,se,2026-08-13,True,False,0,wayback,2026-08-12T08:41:44.424610+00:00
folkvapen.nu,nu,2026-08-13,True,False,0,wayback,2026-08-12T08:41:44.424610+00:00
folkvapnet.se,se,2026-08-13,True,False,0,wayback,2026-08-12T08:41:44.424610+00:00
forebygg-bolagsbevakning.se,se,2026-08-13,True,False,0,wayback,2026-08-12T08:41:44.424610+00:00
formavsaknad.se,se,2026-08-13,True,False,0,wayback,2026-08-12T08:41:44.424610+00:00
frdhlm.se,se,2026-08-13,True,,,wayback,2026-08-12T08:41:44.424610+00:00
freddans.se,se,2026-08-13,True,,,wayback,2026-08-12T08:41:44.424610+00:00
fremal.se,se,2026-08-13,True,,,wayback,2026-08-12T08:41:44.424610+00:00
frisorerisverige.se,se,2026-08-13,True,,,wayback,2026-08-12T08:41:44.424610+00:00
funnieprints.se,se,2026-08-13,True,,,wayback,2026-08-12T08:41:44.424610+00:00
gaman.se,se,2026-08-13,True,,,wayback,2026-08-12T08:41:44.424610+00:00
gamer-aesthetic.se,se,2026-08-13,True,,,wayback,2026-08-12T08:41:44.424610+00:00
gamlastansif.se,se,2026-08-13,True,,,wayback,2026-08-12T08:41:44.424610+00:00
gardsforsaljningslistan.se,se,2026-08-13,True,,,wayback,2026-08-12T08:41:44.424610+00:00
germansolar.se,se,2026-08-13,True,,,wayback,2026-08-12T08:41:44.424610+00:00
gladjesteget.se,se,2026-08-13,True,,,wayback,2026-08-12T08:41:44.424610+00:00
glasklartmalmo.se,se,2026-08-13,True,,,wayback,2026-08-12T08:41:44.424610+00:00
glucanova.se,se,2026-08-13,True,,,wayback,2026-08-12T08:41:44.424610+00:00
golfcontent.se,se,2026-08-13,True,,,wayback,2026-08-12T08:41:44.424610+00:00
got-shipbroker.se,se,2026-08-13,True,,,wayback,2026-08-12T08:41:44.424610+00:00
greencircle.se,se,2026-08-13,True,,,wayback,2026-08-12T08:41:44.424610+00:00
habrovink.se,se,2026-08-13,True,False,0,wayback,2026-08-12T08:41:44.424610+00:00
hantverkareisverige.se,se,2026-08-13,True,False,0,wayback,2026-08-12T08:41:44.424610+00:00
harochtass.se,se,2026-08-13,True,False,0,wayback,2026-08-12T08:41:44.424610+00:00
hartluchten.nu,nu,2026-08-13,True,False,0,wayback,2026-08-12T08:41:44.424610+00:00
hittne.se,se,2026-08-13,True,False,0,wayback,2026-08-12T08:41:44.424610+00:00
hotellvr40.se,se,2026-08-13,True,,,wayback,2026-08-12T08:41:44.424610+00:00
hotmodels.se,se,2026-08-13,True,,,wayback,2026-08-12T08:41:44.424610+00:00
hundprov.nu,nu,2026-08-13,True,,,wayback,2026-08-12T08:41:44.424610+00:00
hundprov.se,se,2026-08-13,True,,,wayback,2026-08-12T08:41:44.424610+00:00
hustvatt.se,se,2026-08-13,True,,,wayback,2026-08-12T08:41:44.424610+00:00
icoonebehandling.se,se,2026-08-13,True,,,wayback,2026-08-12T08:41:44.424610+00:00
idprint.nu,nu,2026-08-13,True,,,wayback,2026-08-12T08:41:44.424610+00:00
idre-stugor.se,se,2026-08-13,True,,,wayback,2026-08-12T08:41:44.424610+00:00
ignitetrading.se,se,2026-08-13,True,,,wayback,2026-08-12T08:41:44.424610+00:00
ikbentehuur.nu,nu,2026-08-13,True,,,wayback,2026-08-12T08:41:44.424610+00:00
infogqmotor.se,se,2026-08-13,True,,,wayback,2026-08-12T08:41:44.424610+00:00
infryst.se,se,2026-08-13,True,False,0,wayback,2026-08-12T08:41:44.424610+00:00
inquiroinsights.se,se,2026-08-13,True,False,0,wayback,2026-08-12T08:41:44.424610+00:00
ipyramids.se,se,2026-08-13,True,False,0,wayback,2026-08-12T08:41:44.424610+00:00
irondns.se,se,2026-08-13,True,False,0,wayback,2026-08-12T08:41:44.424610+00:00
jetsourcing.se,se,2026-08-13,True,False,0,wayback,2026-08-12T08:41:44.424610+00:00
jonssonyderstrom.se,se,2026-08-13,True,,,wayback,2026-08-12T08:41:44.424610+00:00
jook.se,se,2026-08-13,True,,,wayback,2026-08-12T08:41:44.424610+00:00
journeyinsideout.se,se,2026-08-13,True,,,wayback,2026-08-12T08:41:44.424610+00:00
julklappartillkollega.se,se,2026-08-13,True,,,wayback,2026-08-12T08:41:44.424610+00:00
kanslobanken.se,se,2026-08-13,True,,,wayback,2026-08-12T08:41:44.424610+00:00
karinharnosand.se,se,2026-08-13,True,,,wayback,2026-08-12T08:41:44.424610+00:00
kasiauddevalla.se,se,2026-08-13,True,,,wayback,2026-08-12T08:41:44.424610+00:00
katharinaseger.se,se,2026-08-13,True,,,wayback,2026-08-12T08:41:44.424610+00:00
kathla.se,se,2026-08-13,True,False,0,wayback,2026-08-12T08:41:44.424610+00:00
kavalleristenhelsingborg.se,se,2026-08-13,True,,,wayback,2026-08-12T08:41:44.424610+00:00
kims-keramik.se,se,2026-08-13,True,False,0,wayback,2026-08-12T08:41:44.424610+00:00
kingcc.nu,nu,2026-08-13,True,,,wayback,2026-08-12T08:41:44.424610+00:00
kirrabiffen.se,se,2026-08-13,True,False,0,wayback,2026-08-12T08:41:44.424610+00:00
knipp-cinque.se,se,2026-08-13,True,False,0,wayback,2026-08-12T08:41:44.424610+00:00
knipp-duo.se,se,2026-08-13,True,False,0,wayback,2026-08-12T08:41:44.424610+00:00
knipp-quattro.se,se,2026-08-13,True,False,0,wayback,2026-08-12T08:41:44.424610+00:00
knipp-sei.se,se,2026-08-13,True,False,0,wayback,2026-08-12T08:41:44.424610+00:00
knipp-sette.se,se,2026-08-13,True,False,0,wayback,2026-08-12T08:41:44.424610+00:00
knipp-tre.se,se,2026-08-13,True,False,0,wayback,2026-08-12T08:41:44.424610+00:00
kokk.nu,nu,2026-08-13,True,,,wayback,2026-08-12T08:41:44.424610+00:00
krikke.nu,nu,2026-08-13,True,,,wayback,2026-08-12T08:41:44.424610+00:00
kuckelura.se,se,2026-08-13,True,False,0,wayback,2026-08-12T08:41:44.424610+00:00
kusinera.se,se,2026-08-13,True,,,wayback,2026-08-12T08:41:44.424610+00:00
kvarterskrogar.se,se,2026-08-13,True,,,wayback,2026-08-12T08:41:44.424610+00:00
kvibergshuset.se,se,2026-08-13,True,,,wayback,2026-08-12T08:41:44.424610+00:00
kvinnoskapet.se,se,2026-08-13,True,,,wayback,2026-08-12T08:41:44.424610+00:00
ladiespa.se,se,2026-08-13,True,,,wayback,2026-08-12T08:41:44.424610+00:00
ladiesspa.se,se,2026-08-13,True,,,wayback,2026-08-12T08:41:44.424610+00:00
lagenheterdegerfors.se,se,2026-08-13,True,,,wayback,2026-08-12T08:41:44.424610+00:00
lagenheteridegerfors.se,se,2026-08-13,True,,,wayback,2026-08-12T08:41:44.424610+00:00
lagraenergi.se,se,2026-08-13,True,,,wayback,2026-08-12T08:41:44.424610+00:00
langeskov.nu,nu,2026-08-13,True,,,wayback,2026-08-12T08:41:44.424610+00:00
launchhire.se,se,2026-08-13,True,,,wayback,2026-08-12T08:41:44.424610+00:00
lenzab.se,se,2026-08-13,True,,,wayback,2026-08-12T08:41:44.424610+00:00
lillaladanhund.se,se,2026-08-13,True,,,wayback,2026-08-12T08:41:44.424610+00:00
lillasimunde.se,se,2026-08-13,True,,,wayback,2026-08-12T08:41:44.424610+00:00
linarezart.se,se,2026-08-13,True,False,0,wayback,2026-08-12T08:41:44.424610+00:00
livesmart.se,se,2026-08-13,True,False,0,wayback,2026-08-12T08:41:44.424610+00:00
logistikanbud.se,se,2026-08-13,True,,,wayback,2026-08-12T08:41:44.424610+00:00
loonschade.nu,nu,2026-08-13,True,,,wayback,2026-08-12T08:41:44.424610+00:00
loparstudion.se,se,2026-08-13,True,,,wayback,2026-08-12T08:41:44.424610+00:00
lovisaisturning50.se,se,2026-08-13,True,False,0,wayback,2026-08-12T08:41:44.424610+00:00
marinashemskapade.se,se,2026-08-13,True,False,0,wayback,2026-08-12T08:41:44.424610+00:00
matgeneratorn.se,se,2026-08-13,True,False,0,wayback,2026-08-12T08:41:44.424610+00:00
mattordirekt.se,se,2026-08-13,True,False,0,wayback,2026-08-12T08:41:44.424610+00:00
medica120.se,se,2026-08-13,True,,,wayback,2026-08-12T08:41:44.424610+00:00
medpondus.nu,nu,2026-08-13,True,,,wayback,2026-08-12T08:41:44.424610+00:00
medpondus.se,se,2026-08-13,True,,,wayback,2026-08-12T08:41:44.424610+00:00
melisapizzeria.se,se,2026-08-13,True,False,0,wayback,2026-08-12T08:41:44.424610+00:00
menz.nu,nu,2026-08-13,True,,,wayback,2026-08-12T08:41:44.424610+00:00
miljo-avloppet.se,se,2026-08-13,True,,,wayback,2026-08-12T08:41:44.424610+00:00
minihusky.se,se,2026-08-13,True,,,wayback,2026-08-12T08:41:44.424610+00:00
misterslice.se,se,2026-08-13,True,False,0,wayback,2026-08-12T08:41:44.424610+00:00
monarqpost.se,se,2026-08-13,True,False,0,wayback,2026-08-12T08:41:44.424610+00:00
monoliving.se,se,2026-08-13,True,False,0,wayback,2026-08-12T08:41:44.424610+00:00
mouthbook.se,se,2026-08-13,True,,,wayback,2026-08-12T08:41:44.424610+00:00
mrbike.se,se,2026-08-13,True,,,wayback,2026-08-12T08:41:44.424610+00:00
najsstuff.se,se,2026-08-13,True,,,wayback,2026-08-12T08:41:44.424610+00:00
nextstepai.se,se,2026-08-13,True,,,wayback,2026-08-12T08:41:44.424610+00:00
norencf.se,se,2026-08-13,True,False,0,wayback,2026-08-12T08:41:44.424610+00:00
northenlight.nu,nu,2026-08-13,True,,,wayback,2026-08-12T08:41:44.424610+00:00
northerneyestudio.se,se,2026-08-13,True,False,0,wayback,2026-08-12T08:41:44.424610+00:00
northernlightsout.se,se,2026-08-13,True,False,0,wayback,2026-08-12T08:41:44.424610+00:00
nytti.nu,nu,2026-08-13,True,,,wayback,2026-08-12T08:41:44.424610+00:00
ocsyd.se,se,2026-08-13,True,,,wayback,2026-08-12T08:41:44.424610+00:00
odlingslycka.se,se,2026-08-13,True,,,wayback,2026-08-12T08:41:44.424610+00:00
oidentifierat.se,se,2026-08-13,True,False,0,wayback,2026-08-12T08:41:44.424610+00:00
omnimed.nu,nu,2026-08-13,True,,,wayback,2026-08-12T08:41:44.424610+00:00
onemanfix.se,se,2026-08-13,True,False,0,wayback,2026-08-12T08:41:44.424610+00:00
opendata.nu,nu,2026-08-13,True,,,wayback,2026-08-12T08:41:44.424610+00:00
otd-packing.se,se,2026-08-13,True,,,wayback,2026-08-12T08:41:44.424610+00:00
outletberg.se,se,2026-08-13,True,,,wayback,2026-08-12T08:41:44.424610+00:00
padel08arena.se,se,2026-08-13,True,,,wayback,2026-08-12T08:41:44.424610+00:00
pajish.se,se,2026-08-13,True,False,0,wayback,2026-08-12T08:41:44.424610+00:00
paradisodling.se,se,2026-08-13,True,False,0,wayback,2026-08-12T08:41:44.424610+00:00
perfumedupes.se,se,2026-08-13,True,False,0,wayback,2026-08-12T08:41:44.424610+00:00
peterbygg.se,se,2026-08-13,True,False,0,wayback,2026-08-12T08:41:44.424610+00:00
peterhesselab.se,se,2026-08-13,True,False,0,wayback,2026-08-12T08:41:44.424610+00:00
peterhesselconsulting.se,se,2026-08-13,True,,,wayback,2026-08-12T08:41:44.424610+00:00
pingstpostum.se,se,2026-08-13,True,,,wayback,2026-08-12T08:41:44.424610+00:00
pizzasguide.se,se,2026-08-13,True,False,0,wayback,2026-08-12T08:41:44.424610+00:00
plattgris.se,se,2026-08-13,True,,,wayback,2026-08-12T08:41:44.424610+00:00
polkaswirl.se,se,2026-08-13,True,,,wayback,2026-08-12T08:41:44.424610+00:00
practix.se,se,2026-08-13,True,False,0,wayback,2026-08-12T08:41:44.424610+00:00
praktix.se,se,2026-08-13,True,False,0,wayback,2026-08-12T08:41:44.424610+00:00
premiumx.se,se,2026-08-13,True,False,0,wayback,2026-08-12T08:41:44.424610+00:00
presentfarsdag.se,se,2026-08-13,True,False,0,wayback,2026-08-12T08:41:44.424610+00:00
presentmorsdag.se,se,2026-08-13,True,False,0,wayback,2026-08-12T08:41:44.424610+00:00
proffstillproffs.se,se,2026-08-13,True,,,wayback,2026-08-12T08:41:44.424610+00:00
promenadterapeuten.se,se,2026-08-13,True,,,wayback,2026-08-12T08:41:44.424610+00:00
prompthire.se,se,2026-08-13,True,False,0,wayback,2026-08-12T08:41:44.424610+00:00
proptechbyran.se,se,2026-08-13,True,False,0,wayback,2026-08-12T08:41:44.424610+00:00
prylsson.se,se,2026-08-13,True,,,wayback,2026-08-12T08:41:44.424610+00:00
puttdal.se,se,2026-08-13,True,,,wayback,2026-08-12T08:41:44.424610+00:00
quidelortho.se,se,2026-08-13,True,False,0,wayback,2026-08-12T08:41:44.424610+00:00
quietzone.se,se,2026-08-13,True,False,0,wayback,2026-08-12T08:41:44.424610+00:00
reggaefesten.se,se,2026-08-13,True,False,0,wayback,2026-08-12T08:41:44.424610+00:00
reglerjulklappsleken.se,se,2026-08-13,True,False,0,wayback,2026-08-12T08:41:44.424610+00:00
relevanceengineering.se,se,2026-08-13,True,False,0,wayback,2026-08-12T08:41:44.424610+00:00
remisense.se,se,2026-08-13,True,False,0,wayback,2026-08-12T08:41:44.424610+00:00
reyla.se,se,2026-08-13,True,False,0,wayback,2026-08-12T08:41:44.424610+00:00
rezero.se,se,2026-08-13,True,,,wayback,2026-08-12T08:41:44.424610+00:00
richardr.se,se,2026-08-13,True,,,wayback,2026-08-12T08:41:44.424610+00:00
robertdemokraterna.se,se,2026-08-13,True,False,0,wayback,2026-08-12T08:41:44.424610+00:00
rondahl.se,se,2026-08-13,True,,,wayback,2026-08-12T08:41:44.424610+00:00
rossandco.se,se,2026-08-13,True,,,wayback,2026-08-12T08:41:44.424610+00:00
rundmatta.se,se,2026-08-13,True,False,0,wayback,2026-08-12T08:41:44.424610+00:00
salebrains.se,se,2026-08-13,True,False,0,wayback,2026-08-12T08:41:44.424610+00:00
sandstromconsulting.se,se,2026-08-13,True,False,0,wayback,2026-08-12T08:41:44.424610+00:00
seaweedfood.se,se,2026-08-13,True,False,0,wayback,2026-08-12T08:41:44.424610+00:00
servicex.se,se,2026-08-13,True,,,wayback,2026-08-12T08:41:44.424610+00:00
sevion.se,se,2026-08-13,True,,,wayback,2026-08-12T08:41:44.424610+00:00
simpleguy.se,se,2026-08-13,True,False,0,wayback,2026-08-12T08:41:44.424610+00:00
skargardsfotografier.se,se,2026-08-13,True,,,wayback,2026-08-12T08:41:44.424610+00:00
skold-co.se,se,2026-08-13,True,,,wayback,2026-08-12T08:41:44.424610+00:00
skonhetochhalsaisverige.se,se,2026-08-13,True,False,0,wayback,2026-08-12T08:41:44.424610+00:00
sofialangheim.se,se,2026-08-13,True,False,0,wayback,2026-08-12T08:41:44.424610+00:00
solskyddstips.se,se,2026-08-13,True,False,0,wayback,2026-08-12T08:41:44.424610+00:00
sommerhusservice.nu,nu,2026-08-13,True,False,0,wayback,2026-08-12T08:41:44.424610+00:00
sportnordic.se,se,2026-08-13,True,False,0,wayback,2026-08-12T08:41:44.424610+00:00
sports-nordic.se,se,2026-08-13,True,False,0,wayback,2026-08-12T08:41:44.424610+00:00
sportsnordic.nu,nu,2026-08-13,True,False,0,wayback,2026-08-12T08:41:44.424610+00:00
sportsnordic.se,se,2026-08-13,True,False,0,wayback,2026-08-12T08:41:44.424610+00:00
sportsnordics.se,se,2026-08-13,True,False,0,wayback,2026-08-12T08:41:44.424610+00:00
stabilitet.se,se,2026-08-13,True,,,wayback,2026-08-12T08:41:44.424610+00:00
stadtstaket.se,se,2026-08-13,True,,,wayback,2026-08-12T08:41:44.424610+00:00
staicollective.se,se,2026-08-13,True,,,wayback,2026-08-12T08:41:44.424610+00:00
statiska.se,se,2026-08-13,True,False,0,wayback,2026-08-12T08:41:44.424610+00:00
stistrup.se,se,2026-08-13,True,,,wayback,2026-08-12T08:41:44.424610+00:00
stockholmania-tours.se,se,2026-08-13,True,,,wayback,2026-08-12T08:41:44.424610+00:00
stoffesrivochhaltagning.se,se,2026-08-13,True,,,wayback,2026-08-12T08:41:44.424610+00:00
stormatta.se,se,2026-08-13,True,False,0,wayback,2026-08-12T08:41:44.424610+00:00
strandbil.nu,nu,2026-08-13,True,False,0,wayback,2026-08-12T08:41:44.424610+00:00
super-agency.se,se,2026-08-13,True,False,0,wayback,2026-08-12T08:41:44.424610+00:00
superagi.se,se,2026-08-13,True,False,0,wayback,2026-08-12T08:41:44.424610+00:00
svenskahundhotell.se,se,2026-08-13,True,False,0,wayback,2026-08-12T08:41:44.424610+00:00
sverigeshusdjur.se,se,2026-08-13,True,False,0,wayback,2026-08-12T08:41:44.424610+00:00
systint.se,se,2026-08-13,True,False,0,wayback,2026-08-12T08:41:44.424610+00:00
tacorico.se,se,2026-08-13,True,False,0,wayback,2026-08-12T08:41:44.424610+00:00
taksolvarme.se,se,2026-08-13,True,False,0,wayback,2026-08-12T08:41:44.424610+00:00
tandfornuft.se,se,2026-08-13,True,False,0,wayback,2026-08-12T08:41:44.424610+00:00
tatueringsfri.se,se,2026-08-13,True,,,wayback,2026-08-12T08:41:44.424610+00:00
tawen.se,se,2026-08-13,True,,,wayback,2026-08-12T08:41:44.424610+00:00
teakstar.se,se,2026-08-13,True,,,wayback,2026-08-12T08:41:44.424610+00:00
techteamet.se,se,2026-08-13,True,,,wayback,2026-08-12T08:41:44.424610+00:00
tektilo.se,se,2026-08-13,True,,,wayback,2026-08-12T08:41:44.424610+00:00
teletek5060.se,se,2026-08-13,True,,,wayback,2026-08-12T08:41:44.424610+00:00
thecaddietowel.se,se,2026-08-13,True,False,0,wayback,2026-08-12T08:41:44.424610+00:00
thehousedancestudio.se,se,2026-08-13,True,,,wayback,2026-08-12T08:41:44.424610+00:00
theseaweedshop.se,se,2026-08-13,True,False,0,wayback,2026-08-12T08:41:44.424610+00:00
thheproperties.se,se,2026-08-13,True,,,wayback,2026-08-12T08:41:44.424610+00:00
tipsjulklappar.se,se,2026-08-13,True,False,0,wayback,2026-08-12T08:41:44.424610+00:00
tipsjulklappsleken.se,se,2026-08-13,True,False,0,wayback,2026-08-12T08:41:44.424610+00:00
tolife.se,se,2026-08-13,True,False,0,wayback,2026-08-12T08:41:44.424610+00:00
tomochcornelia.se,se,2026-08-13,True,False,0,wayback,2026-08-12T08:41:44.424610+00:00
turism2045.se,se,2026-08-13,True,False,0,wayback,2026-08-12T08:41:44.424610+00:00
tvattjatten.se,se,2026-08-13,True,False,0,wayback,2026-08-12T08:41:44.424610+00:00
tvetarehab.se,se,2026-08-13,True,False,0,wayback,2026-08-12T08:41:44.424610+00:00
unitywear.se,se,2026-08-13,True,False,0,wayback,2026-08-12T08:41:44.424610+00:00
upplevskaneland.se,se,2026-08-13,True,False,0,wayback,2026-08-12T08:41:44.424610+00:00
utematta.se,se,2026-08-13,True,,,wayback,2026-08-12T08:41:44.424610+00:00
vackraportar.se,se,2026-08-13,True,,,wayback,2026-08-12T08:41:44.424610+00:00
valuedrivendevelopment.se,se,2026-08-13,True,,,wayback,2026-08-12T08:41:44.424610+00:00
vasteffekt.se,se,2026-08-13,True,,,wayback,2026-08-12T08:41:44.424610+00:00
vavide.se,se,2026-08-13,True,,,wayback,2026-08-12T08:41:44.424610+00:00
vbteknik.se,se,2026-08-13,True,,,wayback,2026-08-12T08:41:44.424610+00:00
viewsecurity.se,se,2026-08-13,True,,,wayback,2026-08-12T08:41:44.424610+00:00
vinterpark.se,se,2026-08-13,True,False,0,wayback,2026-08-12T08:41:44.424610+00:00
vis-ab.se,se,2026-08-13,True,,,wayback,2026-08-12T08:41:44.424610+00:00
voltageltd.se,se,2026-08-13,True,False,0,wayback,2026-08-12T08:41:44.424610+00:00
vspentrepenad.se,se,2026-08-13,True,False,0,wayback,2026-08-12T08:41:44.424610+00:00
worldofrepair.se,se,2026-08-13,True,False,0,wayback,2026-08-12T08:41:44.424610+00:00
xn--elbilfrskring-ifb1y.se,se,2026-08-13,True,,,wayback,2026-08-12T08:41:44.424610+00:00
xn--eliisap-vgledning-yqb.se,se,2026-08-13,True,,,wayback,2026-08-12T08:41:44.424610+00:00
xn--fantasiatelj-meb.se,se,2026-08-13,True,,,wayback,2026-08-12T08:41:44.424610+00:00
xn--flkvapen-n4a.se,se,2026-08-13,True,,,wayback,2026-08-12T08:41:44.424610+00:00
xn--flkvapnet-07a.se,se,2026-08-13,True,,,wayback,2026-08-12T08:41:44.424610+00:00
xn--freningsvskan-jfb5x.se,se,2026-08-13,True,,,wayback,2026-08-12T08:41:44.424610+00:00
xn--gbgstdservice-ffb.se,se,2026-08-13,True,,,wayback,2026-08-12T08:41:44.424610+00:00
xn--grntljus-o4a.se,se,2026-08-13,True,,,wayback,2026-08-12T08:41:44.424610+00:00
xn--guiderihlsingland-xqb.se,se,2026-08-13,True,,,wayback,2026-08-12T08:41:44.424610+00:00
xn--hngeldjur-52a.se,se,2026-08-13,True,,,wayback,2026-08-12T08:41:44.424610+00:00
xn--hrochtass-52a.se,se,2026-08-13,True,False,0,wayback,2026-08-12T08:41:44.424610+00:00
xn--julklappartilllrare-uwb.se,se,2026-08-13,True,,,wayback,2026-08-12T08:41:44.424610+00:00
xn--kirrakket-02a.se,se,2026-08-13,True,False,0,wayback,2026-08-12T08:41:44.424610+00:00
xn--konstigteborg-omb.se,se,2026-08-13,True,False,0,wayback,2026-08-12T08:41:44.424610+00:00
xn--krasyster-v2a.se,se,2026-08-13,True,,,wayback,2026-08-12T08:41:44.424610+00:00
xn--lrkspecialisten-0kb.se,se,2026-08-13,True,,,wayback,2026-08-12T08:41:44.424610+00:00
xn--present5ring-0cb.se,se,2026-08-13,True,,,wayback,2026-08-12T08:41:44.424610+00:00
xn--present6ring-0cb.se,se,2026-08-13,True,False,0,wayback,2026-08-12T08:41:44.424610+00:00
xn--present7ring-0cb.se,se,2026-08-13,True,False,0,wayback,2026-08-12T08:41:44.424610+00:00
xn--present8ring-0cb.se,se,2026-08-13,True,False,0,wayback,2026-08-12T08:41:44.424610+00:00
xn--proptechbyrn-3cb.se,se,2026-08-13,True,,,wayback,2026-08-12T08:41:44.424610+00:00
xn--retsgrundare-scb.se,se,2026-08-13,True,,,wayback,2026-08-12T08:41:44.424610+00:00
xn--ruthjlpe-4za.se,se,2026-08-13,True,,,wayback,2026-08-12T08:41:44.424610+00:00
xn--slpcentralen-hcb.se,se,2026-08-13,True,,,wayback,2026-08-12T08:41:44.424610+00:00
xn--svenskvxtkraft-cib.se,se,2026-08-13,True,,,wayback,2026-08-12T08:41:44.424610+00:00
xn--t01-pla.se,se,2026-08-13,True,,,wayback,2026-08-12T08:41:44.424610+00:00
xn--tappstrmsvisfestival-99b.se,se,2026-08-13,True,,,wayback,2026-08-12T08:41:44.424610+00:00
xn--vrd-ula.nu,nu,2026-08-13,True,,,wayback,2026-08-12T08:41:44.424610+00:00
yukon.se,se,2026-08-13,True,,,wayback,2026-08-12T08:41:44.424610+00:00
zeelo.se,se,2026-08-13,True,,,wayback,2026-08-12T08:41:44.424610+00:00
zzzband.se,se,2026-08-13,True,,,wayback,2026-08-12T08:41:44.424610+00:00
